{"cameraMode":{"drawMode":0,"name":"Shaded","section":"Shading Mode"},"sceneLighting":true,"audioPlay":false,"sceneViewState":{"showFog":false,"showMaterialUpdate":false,"showSkybox":false,"showFlares":false,"showImageEffects":false,"showParticleSystems":false},"in2DMode":false,"pivot":{"x":3.9372518062591554,"y":27.493507385253908,"z":17.939334869384767},"rotation":{"x":0.1561432182788849,"y":-0.8082841038703919,"z":0.5112661123275757,"w":0.2468406707048416},"size":39.919525146484378,"orthographic":true}