{"cameraMode":{"drawMode":0,"name":"Shaded","section":"Shading Mode"},"sceneLighting":true,"audioPlay":false,"sceneViewState":{"showFog":false,"showMaterialUpdate":false,"showSkybox":false,"showFlares":false,"showImageEffects":false,"showParticleSystems":false},"in2DMode":false,"pivot":{"x":-4.714276313781738,"y":4.467789649963379,"z":7.859983921051025},"rotation":{"x":0.19595247507095338,"y":-0.7976354956626892,"z":0.3427926301956177,"w":0.45594891905784609},"size":34.53852462768555,"orthographic":true}