{"cameraMode":{"drawMode":0,"name":"Shaded","section":"Shading Mode"},"sceneLighting":true,"audioPlay":false,"sceneViewState":{"showFog":false,"showMaterialUpdate":false,"showSkybox":false,"showFlares":false,"showImageEffects":false,"showParticleSystems":false},"in2DMode":false,"pivot":{"x":7.083000183105469,"y":1.6714015007019044,"z":-0.31545257568359377},"rotation":{"x":-0.06251268833875656,"y":0.9217556118965149,"z":-0.34412309527397158,"w":-0.16744470596313477},"size":119.0414810180664,"orthographic":false}