{"cameraMode":{"drawMode":0,"name":"Shaded","section":"Shading Mode"},"sceneLighting":true,"audioPlay":false,"sceneViewState":{"showFog":false,"showMaterialUpdate":false,"showSkybox":false,"showFlares":false,"showImageEffects":false,"showParticleSystems":false},"in2DMode":false,"pivot":{"x":-13.831976890563965,"y":17.005062103271486,"z":22.949016571044923},"rotation":{"x":0.24052391946315766,"y":-0.741217315196991,"z":0.3376968502998352,"w":0.5279294848442078},"size":4.437318801879883,"orthographic":true}