{"cameraMode":{"drawMode":0,"name":"Shaded","section":"Shading Mode"},"sceneLighting":false,"audioPlay":false,"sceneViewState":{"showFog":false,"showMaterialUpdate":false,"showSkybox":false,"showFlares":false,"showImageEffects":false,"showParticleSystems":false},"in2DMode":false,"pivot":{"x":45.78296661376953,"y":21.01430892944336,"z":57.715003967285159},"rotation":{"x":0.27216050028800967,"y":0.16497759521007539,"z":-0.04742225632071495,"w":0.9468230605125427},"size":23.334524154663087,"orthographic":true}