{"cameraMode":{"drawMode":0,"name":"Shaded","section":"Shading Mode"},"sceneLighting":false,"audioPlay":false,"sceneViewState":{"showFog":false,"showMaterialUpdate":false,"showSkybox":false,"showFlares":false,"showImageEffects":false,"showParticleSystems":false},"in2DMode":false,"pivot":{"x":41.35234451293945,"y":21.744464874267579,"z":56.848304748535159},"rotation":{"x":0.005263419821858406,"y":0.7123703956604004,"z":-0.005342891439795494,"w":0.7017648816108704},"size":9.694588661193848,"orthographic":true}