{"cameraMode":{"drawMode":0,"name":"Shaded","section":"Shading Mode"},"sceneLighting":true,"audioPlay":false,"sceneViewState":{"showFog":false,"showMaterialUpdate":false,"showSkybox":false,"showFlares":false,"showImageEffects":false,"showParticleSystems":false},"in2DMode":false,"pivot":{"x":2.18804931640625,"y":0.8341634273529053,"z":-0.506130039691925},"rotation":{"x":-0.08222400397062302,"y":-0.9086095094680786,"z":0.34917935729026797,"w":-0.21396656334400178},"size":16.056093215942384,"orthographic":true}